Prospect,URL,Domain_Authority,Type,Outreach_Angle,Contact_Method,Priority,Status
Pokemon Card Market,pokemoncardmarket.com,45,Blog,Comprehensive defect guide as resource for their grading articles,Contact form,High,Not Contacted
PTCGO Store Blog,ptcgostore.com/blog,38,Blog,Educational resource on hidden defects for their collectors,Email,High,Not Contacted
Elite Fourum,elitefourum.com,52,Forum,Share guide with grading community / Discussion thread,Forum post,High,Not Contacted
Collectors Universe,forums.collectors.com,65,Forum,Resource for PSA grading discussions,Forum post,High,Not Contacted
Blowout Cards Forum,blowoutforums.com,48,Forum,Helpful guide for card collectors,Forum post,Medium,Not Contacted
r/PokemonTCG,reddit.com/r/PokemonTCG,95,Reddit,"Educational post: ""How to Spot Hidden Defects Before Grading""",Reddit post,High,Not Contacted
r/pkmntcgcollections,reddit.com/r/pkmntcgcollections,95,Reddit,Guide for serious collectors before PSA submission,Reddit post,High,Not Contacted
r/tradingcards,reddit.com/r/tradingcards,95,Reddit,General trading card community resource,Reddit post,Medium,Not Contacted
Card Collector Hub,cardcollectorhub.com,35,Blog,Partner resource / Guest post opportunity,Email,Medium,Not Contacted
Grading Guide Central,gradingguidecentral.com,28,Resource Site,Complementary resource to their grading guides,Email,Medium,Not Contacted
TCG Player Blog,blog.tcgplayer.com,78,Major Blog,High-authority backlink / Guest post pitch,Email,Very High,Not Contacted
Pokemon Price Guide,pokemonpriceguide.com,42,Resource Site,Educational content for their users,Contact form,Medium,Not Contacted
Beckett Media,beckett.com/news,72,Grading Company,Industry resource citation,Email,High,Not Contacted
PSA Collectors,psacollectors.com,32,Blog,PSA-focused content partnership,Email,Medium,Not Contacted
Card Grading Reviews,cardgradingreviews.com,25,Review Site,Educational resource for their audience,Email,Low,Not Contacted
Hobby DB Blog,hobbydb.com/blog,55,Database/Blog,Resource for card collectors,Email,Medium,Not Contacted
Sports Card Investor,sportscardinvestor.com,48,Investment Blog,Educational resource (applies to sports cards too),Email,Medium,Not Contacted
Alternative Investment Coach,alternativeinvestmentcoach.com,38,Investment Blog,Trading cards as investment angle,Email,Low,Not Contacted
Cardboard Connection,cardboardconnection.com,62,News/Blog,Industry news site / Resource citation,Email,High,Not Contacted
Loupe Manufacturer (BelOMO),belomo.com,35,Tool Manufacturer,"Product use case: ""Essential tool for card grading""",Email,Low,Not Contacted
Ultra Pro,ultrapro.com/blogs,58,Storage Manufacturer,Card protection / Storage best practices angle,Email,Medium,Not Contacted
YouTube - Pokemon Card Grading Channels,youtube.com,100,Video Platform,Video description link / Collaboration,YouTube comment/DM,High,Not Contacted
Trading Card Database,tradingcarddb.com,42,Database,Educational resource for collectors,Contact form,Medium,Not Contacted
Card Ladder,cardladder.com/articles,45,Price Tracking,Investment angle / Grading impact on value,Email,Medium,Not Contacted
Gem Rate,gemrate.com/blog,32,Grading Service,Complementary educational content,Email,Medium,Not Contacted
